<?xml version="1.0" encoding="UTF-8"?>
<metadata xmlns:xs="http://www.w3.org/2001/XMLSchema" xmlns:fn="http://www.w3.org/2005/xpath-functions" xmlns:xdt="http://www.w3.org/2005/xpath-datatypes"><idinfo><citation><citeinfo><origin>New York State Department of Environmental Conservation</origin><pubdate>20130917</pubdate><title>Critical Environmental Areas - New York State (NYSDEC)</title><geoform>vector digital data</geoform><pubinfo><pubplace>Albany, NY</pubplace><publish>NYS DEC</publish></pubinfo><onlink>withheld</onlink></citeinfo></citation><descript><abstract>This data set contains areas that have been designated as Critical Environmental Areas (CEAs) under 6 NYCRR Part 617 - State Environmental Quality Review (SEQR). Local agencies may designate specific geographic areas within their boundaries as a "Critical Environmental Area" (CEA). State agencies may also designate as a CEA a geographic area which they own, manage or regulate. To be designated as a CEA, an area must have an exceptional or unique character which has a benefit or threat to human health, a natural setting (e.g. fish and wildlife habitat, forest and vegetation, open space and areas of important aesthetic or scenic quality), agricultural, social, cultural, historic, archaeological, recreational, or educational values, or an inherent ecological, geological or hydrological sensitivity that may be adversely affected by any change.</abstract><purpose>1. Following designation as a CEA, the potential impact of any Type I or Unlisted Action on the environmental characteristics of the CEA is a relevant area of environmental concern and must be evaluated in the determination of significance prepared pursuant to Section 617.7 of SEQR.</purpose><supplinf>
1. Updated with new CEA's , Town of Dryden, Tompkins County on 20121001.

2. Polygons have not been digitized for all Critical Environmental Areas (CEA) because not all designating agencies have provided the needed information. However, the Theme Attribute Table contains entries for all CEAs, including those not yet digitized. A value of "Not Available" in the Attribute Table's COMMENT field indicates that a polygon is not present for that CEA while a blank record indicates that polygons have been digitized for those areas. pursuant to Section 617.7 of SEQR.
</supplinf></descript><timeperd><timeinfo><sngdate><caldate>20220715</caldate></sngdate></timeinfo><current>publication date</current></timeperd><status><progress>Complete</progress><update>As needed</update></status><spdom><bounding><westbc>-79.082101</westbc><eastbc>-71.729734</eastbc><northbc>44.461530</northbc><southbc>40.486675</southbc></bounding></spdom><keywords><place><placekt>NYS Geographic Names Information System</placekt><placekey>State of New York</placekey></place><stratum><stratkt>None</stratkt><stratkey>None</stratkey></stratum><temporal><tempkt>None</tempkt><tempkey>None</tempkey></temporal><theme><themekey>environmental</themekey><themekey>critical environmental areas</themekey><themekey>SEQR</themekey><themekey>617</themekey><themekey>custodial</themekey><themekey>environment</themekey><themekey>CEA</themekey><themekey>state environmental quality review</themekey><themekey>critical</themekey><themekey>015</themekey><themekey>boundaries</themekey><themekey>007</themekey><themekey>002</themekey><themekey>planningCadastre</themekey><themekey>environment</themekey></theme></keywords><accconst>None</accconst><useconst>
1. The NYS DEC asks to be credited in derived products. 
2. Secondary distribution of the data is not allowed.  
3. Any documentation provided is an integral part of the data set. Failure to use the documentation in conjunction with the digital data constitutes a misuse of the data. 
4. Although every effort has been made to ensure the accuracy of information, errors may be reflected in the data supplied. The user must be aware of data conditions and bear responsibility for the appropriate use of the information with respect to possible errors, original map scale, collection methodology, currency of data, and other conditions.
</useconst><ptcontac><cntinfo><cntorgp><cntorg>New York State Department of Environmental Conservation</cntorg><cntper>Program Management Bureau</cntper></cntorgp><cntpos>Division of Environmental Permits</cntpos><cntaddr><addrtype>mailing and physical address</addrtype><address>625 Broadway</address><city>Albany</city><state>NY</state><postal>12233-1750</postal><country>USA</country></cntaddr><cntvoice>(518) 402-9167</cntvoice><cntemail>depprmt@gw.dec.state.ny.us</cntemail></cntinfo></ptcontac><datacred>NYS DEC Division of Environmental Permits.</datacred><secinfo><secsys>NYSDEC Classification System Aug.06</secsys><secclass>Unclassified</secclass><sechandl>None</sechandl></secinfo><native>ESRI ArcCatalog 9.3.1.4000</native></idinfo><dataqual><logic>None</logic><complete>None</complete><lineage><procstep><procdesc>The polygons were digitized using ArcView, based on maps and/or legal descriptions provided by the designating agency.</procdesc><procdate>20070101</procdate></procstep><procstep><procdesc>
Periodic QC, involving comparison of the digital data with the submitted maps and descriptions, resulted in the following edits being made:
The addition of a polygon to the CEA "Peekskill Hollow Brook" in Westchester County.
The addition of Wetland BE-5 to the CEA "All State Wetlands" in the Town of Woodstock, Ulster County.
The missing polygons were "heads up" digitized and merged to the existing data.
</procdesc><procdate>20070731</procdate></procstep><procstep><procdesc>The Village of Manlius, Onondaga County, designated a new CEA, identified as "The Onondaga Escarpment Nature Corridor". The newly designated CEA includes all the property in the village of Manlius. NYSDEC digitized the village boundary and merged the new polygon with the existing statewide CEA data.</procdesc><procdate>20070731</procdate></procstep><procstep><procdesc>Periodic QC, involving comparison of the digital data with the submitted maps and descriptions, resulted in the following edits being made:  extension of the western edge of the  "Sandy Creek" polygon, Oswego County, to the Lake Ontario shoreline.</procdesc><procdate>20081016</procdate></procstep><procstep><procdesc>The town of Hyde Park, Dutchess county, designated new CEAs, identified as "Hogback Hill," "Indian Kill," "Maritje Kill," and "Vanderburgh Cove." In addition, the town of Greenport, Columbia county, designated a new CEA, identified as "Town of Greenport Source Water." NYSDEC digitized the new polygons and merged them with the existing statewide CEA data.</procdesc><procdate>20090731</procdate><proctime>15235600</proctime></procstep><procstep><procdesc>The Town of Homer, Cortland County, designated a new CEA, identified as "Homer Public Water Supply Source." NYSDEC digitized the two new polygons and merged them with the existing statewide CEA data.</procdesc><procdate>20090802</procdate></procstep><procstep><procdesc>Texas Hollow, Cazenovia Village Wellhead, Cazenovia Lake and Chittenango Creek were added.</procdesc><procdate>20110413</procdate></procstep><procstep><procdesc>Town of Dryden, Tompkins County - added new Critical Environmental Area.</procdesc><procdate>20121001</procdate></procstep><procstep><procdesc>
Polygons have been added for Central Suffok Pine Barrens, Town of Brookhaven; East Creek, Village of Larchmont; Larchmont Reservoir Sheldrake Leatherstocking, Town of Mamaroneck; Battenkill Scenic and Erosion Prone Areas, Town of Easton; Wetlands, Town of Easton; Tidal Wetlands, Village of Quogue; Wellhead protection, Village of Newark Valley; Tidal Wetlands, Village of Lloyd Harbor; Aquifer Overlay District, Town of Southampton; Tarrytown Lakes Watershed Area, Village of Tarrytown; Jones Sanitation Sludge disposal, Dutchess County; Hyde Park Landfill, Dutchess County; Schatz Federal Bearing, Dutchess County; Dutchess Sanitation FICA, Dutchess County; Page Industrail Park, Dutchess County; Dutchess Airport Landfill, Dutchess County; Sarney Site, Dutchess County; Town of Northeast Landfill, Dutchess County;  MICA Products, Dutchess County; Route 25A Corridor, Town of Brookhaven; Middle Island Yaphank, Town of Brookhaven; Coastal Zone Area South, Town of Brookhaven; Peconic Bay and Environs, Suffolk County; The Hommocks Salt Marsh Complex, Town of Mamaroneck; Piermont Pier, Village of Piermont; Sparkill Creek, Village of Piermont; Palisades Slope, Village of Piermont

The Dutchess County landfills sites are based on a point map provided by Dutchess County and converted through digitization in to polygons.

The Aquifer Overly District was created based on Shape file provided by the Town of Southampton.

All other polygons were digitized based on the maps provided by the designating agency or their instructions to use DEC maps i.e. wetlands, flood maps.
</procdesc><procdate>20130607</procdate></procstep><procstep><procdesc>Added two new CEAs) in the town of Wawarsing, NY. 1- Catskill-Shawangunk Greenway Corridor and 2 - Cedar Swamp.</procdesc><procdate>20190807</procdate></procstep><procstep><procdesc>Added two new CEA's for Village of Montebello. 1 - Potential Timber Rattlesnake Habitat and 2 - Historic &amp; Scenic Roads Overlay.</procdesc><procdate>20210818</procdate></procstep><procstep><procdesc>Added new CEA Town of New Paltz, Shawangunk Ridge CEA</procdesc><procdate>20220325</procdate></procstep><procstep><procdesc>Added 3 CEAs designated by the Village of South Nyack/Orangetown</procdesc><procdate>20220803</procdate></procstep></lineage></dataqual><spdoinfo><direct>Vector</direct><ptvctinf><esriterm Name="GISCREATOR.dep_crit_env_areas"><efeatyp Sync="TRUE">Simple</efeatyp><efeageom code="4" Sync="TRUE"/><esritopo Sync="TRUE">FALSE</esritopo><efeacnt Sync="TRUE">245</efeacnt><spindex Sync="TRUE">TRUE</spindex><linrefer Sync="TRUE">FALSE</linrefer></esriterm></ptvctinf></spdoinfo><spref><horizsys><planar><planci><plance>coordinate pair</plance><coordrep><absres>0.000100</absres><ordres>0.000100</ordres></coordrep><plandu>meters</plandu></planci></planar><geodetic><horizdn>North American Datum of 1983</horizdn><ellips>Geodetic Reference System 80</ellips><semiaxis>6378137.000000</semiaxis><denflat>298.257222</denflat></geodetic></horizsys><vertdef><altsys><altdatum>North American Vertical Datum of 1988</altdatum><altres>1.000000</altres><altunits>meters</altunits><altenc>Explicit elevation coordinate included with horizontal coordinates</altenc></altsys></vertdef></spref><eainfo><detailed Name="GISCREATOR.dep_crit_env_areas"><enttyp><enttypl Sync="TRUE">GISCREATOR.dep_crit_env_areas</enttypl><enttypd>Polygon Feature Class</enttypd><enttypds>ESRI</enttypds><enttypt Sync="TRUE">Feature Class</enttypt><enttypc Sync="TRUE">245</enttypc></enttyp><attr><attrlabl>OBJECTID</attrlabl><attrdef>Internal feature number.</attrdef><attrdefs>ESRI</attrdefs><attrdomv><udom>Sequential unique whole numbers that are automatically generated.</udom></attrdomv><attalias Sync="TRUE">OBJECTID</attalias><attrtype Sync="TRUE">OID</attrtype><attwidth Sync="TRUE">4</attwidth><atprecis Sync="TRUE">10</atprecis><attscale Sync="TRUE">0</attscale></attr><attr><attrlabl>SHAPE</attrlabl><attrdef>Feature geometry.</attrdef><attrdefs>ESRI</attrdefs><attrdomv><udom>Coordinates defining the features.</udom></attrdomv><attalias Sync="TRUE">SHAPE</attalias><attrtype Sync="TRUE">Geometry</attrtype><attwidth Sync="TRUE">4</attwidth><atprecis Sync="TRUE">0</atprecis><attscale Sync="TRUE">0</attscale></attr><attr><attrlabl>LOCATION</attrlabl><attrdef>County, Town, or Village in which the Critical Environmental Area is located.</attrdef><attrdefs>NYSDEC</attrdefs><attrdomv><udom>Text</udom></attrdomv><attalias Sync="TRUE">LOCATION</attalias><attrtype Sync="TRUE">String</attrtype><attwidth Sync="TRUE">50</attwidth><atprecis Sync="TRUE">0</atprecis><attscale Sync="TRUE">0</attscale></attr><attr><attrlabl>NAME</attrlabl><attrdef>Name of the Critical Environmental Area.</attrdef><attrdefs>NYSDEC</attrdefs><attrdomv><udom>Text</udom></attrdomv><attalias Sync="TRUE">NAME</attalias><attrtype Sync="TRUE">String</attrtype><attwidth Sync="TRUE">50</attwidth><atprecis Sync="TRUE">0</atprecis><attscale Sync="TRUE">0</attscale></attr><attr><attrlabl>AGENCY</attrlabl><attrdef>Agency responsible for designating the area as a Critical Environmental Area.</attrdef><attrdefs>NYSDEC</attrdefs><attrdomv><udom>Text</udom></attrdomv><attalias Sync="TRUE">AGENCY</attalias><attrtype Sync="TRUE">String</attrtype><attwidth Sync="TRUE">50</attwidth><atprecis Sync="TRUE">0</atprecis><attscale Sync="TRUE">0</attscale></attr><attr><attrlabl>REGION</attrlabl><attrdef>DEC region in which the Critical Environmental Area is located.</attrdef><attrdefs>NYSDEC</attrdefs><attrdomv><rdom><rdommin>1</rdommin><rdommax>9</rdommax></rdom></attrdomv><attalias Sync="TRUE">REGION</attalias><attrtype Sync="TRUE">String</attrtype><attwidth Sync="TRUE">6</attwidth><atprecis Sync="TRUE">0</atprecis><attscale Sync="TRUE">0</attscale></attr><attr><attrlabl>DATE_</attrlabl><attrdef>Effective date on which the area was designated a Critical Environmental Area.</attrdef><attrdefs>NYSDEC</attrdefs><attrdomv><udom>Dates</udom></attrdomv><attalias Sync="TRUE">DATE_</attalias><attrtype Sync="TRUE">String</attrtype><attwidth Sync="TRUE">10</attwidth><atprecis Sync="TRUE">0</atprecis><attscale Sync="TRUE">0</attscale></attr><attr><attrlabl>REASON</attrlabl><attrdef>Reason given for designation as a Critical Environmental Area.</attrdef><attrdefs>NYSDEC</attrdefs><attrdomv><udom>Text</udom></attrdomv><attalias Sync="TRUE">REASON</attalias><attrtype Sync="TRUE">String</attrtype><attwidth Sync="TRUE">100</attwidth><atprecis Sync="TRUE">0</atprecis><attscale Sync="TRUE">0</attscale></attr><attr><attrlabl>WEB_LINK</attrlabl><attrdef>CEA PDF link</attrdef><attrdefs>NYSDEC</attrdefs><attrdomv><udom>URL</udom></attrdomv><attalias Sync="TRUE">WEB_LINK</attalias><attrtype Sync="TRUE">String</attrtype><attwidth Sync="TRUE">150</attwidth><atprecis Sync="TRUE">0</atprecis><attscale Sync="TRUE">0</attscale></attr><attr><attrlabl>ABOUT_LINK</attrlabl><attrdefs>NYSDEC</attrdefs><attrdef>About CEA's web page URL</attrdef><attrdomv><udom>URL</udom></attrdomv><attalias Sync="TRUE">ABOUT_LINK</attalias><attrtype Sync="TRUE">String</attrtype><attwidth Sync="TRUE">100</attwidth><atprecis Sync="TRUE">0</atprecis><attscale Sync="TRUE">0</attscale></attr><attr><attrlabl Sync="TRUE">SHAPE.AREA</attrlabl><attalias Sync="TRUE">SHAPE.AREA</attalias><attrtype Sync="TRUE">Double</attrtype><attwidth Sync="TRUE">0</attwidth><atprecis Sync="TRUE">0</atprecis><attscale Sync="TRUE">0</attscale></attr><attr><attrlabl Sync="TRUE">SHAPE.LEN</attrlabl><attalias Sync="TRUE">SHAPE.LEN</attalias><attrtype Sync="TRUE">Double</attrtype><attwidth Sync="TRUE">0</attwidth><atprecis Sync="TRUE">0</atprecis><attscale Sync="TRUE">0</attscale></attr></detailed></eainfo><distinfo><distrib><cntinfo><cntorgp><cntorg>New York State Office of Information Technology Services</cntorg><cntper>GeoSpatial Section</cntper></cntorgp><cntaddr><addrtype>mailing and physical address</addrtype><address>625 Broadway</address><address>3rd Floor</address><city>Albany</city><state>NY</state><postal>12233-2750</postal><country>USA</country></cntaddr><cntvoice>518-402-9860</cntvoice><cntemail>EnterpriseGIS@gw.dec.state.ny.us</cntemail></cntinfo></distrib><resdesc>Critical Environmental Areas</resdesc><distliab>New York State Department of Environmental Conservation provides these geographic data "as is." New York State Department of Environmental Conservation makes no guarantee or warranty concerning the accuracy of information contained in the geographic data. New York State DEC further makes no warranty, either expressed or implied, regarding the condition of the product or its fitness for any particular purpose. The burden for determining fitness for use lies entirely with the user. Although these data have been processed successfully on a computer system at  New York State Department of Environmental Conservation, no warranty expressed or implied is made regarding the accuracy or utility of the data on any other system or for general or scientific purposes, nor shall the act of distribution constitute any such warranty. This disclaimer applies both to individual use of the data and aggregate use with other data. It is strongly recommended that careful attention be paid to the contents of the metadata file associated with these data. New York State Department of Environmental Conservation shall not be held liable for improper or incorrect use of the data described and/or contained herein.</distliab><stdorder><digform><digtinfo><formname>ARCE</formname><formvern>9.3.1</formvern></digtinfo><digtopt><onlinopt><computer><networka><networkr>withheld</networkr></networka></computer></onlinopt><offoptn><offmedia>CD-ROM</offmedia><reccap><recden>2</recden><recdenu>GB</recdenu></reccap><recfmt>ArcGIS</recfmt></offoptn></digtopt></digform><fees>NA</fees></stdorder></distinfo><metainfo><metd>20130917</metd><metc><cntinfo><cntorgp><cntorg>NYS Office of Information Technology Services</cntorg><cntper>GeoSpatial Section</cntper></cntorgp><cntaddr><addrtype>mailing and physical address</addrtype><address>625 Broadway</address><address>3rd Floor</address><city>Albany</city><state>NY</state><postal>12233-2750</postal><country>USA</country></cntaddr><cntvoice>518-402-9860</cntvoice><cntemail>EnterpriseGIS@gw.dec.state.ny.us</cntemail></cntinfo></metc><metstdn>FGDC Content Standards for Digital Geospatial Metadata</metstdn><metstdv>FGDC-STD-001-1998</metstdv><mettc>local time</mettc><metac>None</metac><metuc>None</metuc><metsi><metscs>None</metscs><metsc>Unclassified</metsc><metshd>None</metshd></metsi><metextns><onlink>http://www.esri.com/metadata/esriprof80.html</onlink><metprof>ESRI Metadata Profile</metprof></metextns></metainfo><Esri><DataProperties><itemProps><itemName Sync="TRUE">GISCREATOR.dep_crit_env_areas</itemName><nativeExtBox><westBL Sync="TRUE">174858.263000</westBL><eastBL Sync="TRUE">767799.095000</eastBL><southBL Sync="TRUE">4488848.241000</southBL><northBL Sync="TRUE">4923135.992000</northBL><exTypeCode Sync="TRUE">1</exTypeCode></nativeExtBox><imsContentType Sync="TRUE" export="False">002</imsContentType></itemProps><coordRef><type Sync="TRUE">Projected</type><geogcsn Sync="TRUE">GCS_North_American_1983</geogcsn><csUnits Sync="TRUE">Linear Unit: Meter (1.000000)</csUnits><projcsn Sync="TRUE">NAD_1983_UTM_Zone_18N</projcsn><peXml Sync="TRUE">&lt;ProjectedCoordinateSystem xsi:type='typens:ProjectedCoordinateSystem' xmlns:xsi='http://www.w3.org/2001/XMLSchema-instance' xmlns:xs='http://www.w3.org/2001/XMLSchema' xmlns:typens='http://www.esri.com/schemas/ArcGIS/10.8'&gt;&lt;WKT&gt;PROJCS[&amp;quot;NAD_1983_UTM_Zone_18N&amp;quot;,GEOGCS[&amp;quot;GCS_North_American_1983&amp;quot;,DATUM[&amp;quot;D_North_American_1983&amp;quot;,SPHEROID[&amp;quot;GRS_1980&amp;quot;,6378137.0,298.257222101]],PRIMEM[&amp;quot;Greenwich&amp;quot;,0.0],UNIT[&amp;quot;Degree&amp;quot;,0.0174532925199433]],PROJECTION[&amp;quot;Transverse_Mercator&amp;quot;],PARAMETER[&amp;quot;False_Easting&amp;quot;,500000.0],PARAMETER[&amp;quot;False_Northing&amp;quot;,0.0],PARAMETER[&amp;quot;Central_Meridian&amp;quot;,-75.0],PARAMETER[&amp;quot;Scale_Factor&amp;quot;,0.9996],PARAMETER[&amp;quot;Latitude_Of_Origin&amp;quot;,0.0],UNIT[&amp;quot;Meter&amp;quot;,1.0],AUTHORITY[&amp;quot;EPSG&amp;quot;,26918]]&lt;/WKT&gt;&lt;XOrigin&gt;-5120900&lt;/XOrigin&gt;&lt;YOrigin&gt;-9998100&lt;/YOrigin&gt;&lt;XYScale&gt;1000&lt;/XYScale&gt;&lt;ZOrigin&gt;0&lt;/ZOrigin&gt;&lt;ZScale&gt;1&lt;/ZScale&gt;&lt;MOrigin&gt;0&lt;/MOrigin&gt;&lt;MScale&gt;1&lt;/MScale&gt;&lt;XYTolerance&gt;0.002&lt;/XYTolerance&gt;&lt;ZTolerance&gt;0.001&lt;/ZTolerance&gt;&lt;MTolerance&gt;0.001&lt;/MTolerance&gt;&lt;HighPrecision&gt;true&lt;/HighPrecision&gt;&lt;WKID&gt;26918&lt;/WKID&gt;&lt;LatestWKID&gt;26918&lt;/LatestWKID&gt;&lt;/ProjectedCoordinateSystem&gt;</peXml></coordRef></DataProperties><SyncDate>20250218</SyncDate><SyncTime>09243400</SyncTime><ModDate>20250312</ModDate><ModTime>12235900</ModTime><ArcGISFormat>1.0</ArcGISFormat><scaleRange><minScale>150000000</minScale><maxScale>5000</maxScale></scaleRange><ArcGISProfile>FGDC</ArcGISProfile><CreaDate>20250325</CreaDate><CreaTime>20301500</CreaTime><SyncOnce>TRUE</SyncOnce></Esri><mdLang><languageCode value="eng"/><countryCode value="USA" Sync="TRUE"/></mdLang><mdChar><CharSetCd value="004"/></mdChar><mdHrLv><ScopeCd value="005"/></mdHrLv><mdContact><rpIndName>GeoSpatial Section</rpIndName><rpOrgName>NYS Office of Information Technology Services</rpOrgName><rpCntInfo><cntPhone><voiceNum>518-402-9860</voiceNum></cntPhone><cntAddress addressType="both"><delPoint>625 Broadway</delPoint><delPoint>3rd Floor</delPoint><city>Albany</city><adminArea>NY</adminArea><postCode>12233-2750</postCode><country>US</country><eMailAdd>EnterpriseGIS@gw.dec.state.ny.us</eMailAdd></cntAddress></rpCntInfo><role><RoleCd value="007"/></role></mdContact><mdDateSt Sync="TRUE">20250312</mdDateSt><mdStanName>ArcGIS Metadata</mdStanName><mdStanVer>1.0</mdStanVer><distInfo><distributor><distorCont><rpIndName>GeoSpatial Section</rpIndName><rpOrgName>New York State Office of Information Technology Services</rpOrgName><rpCntInfo><cntPhone><voiceNum>518-402-9860</voiceNum></cntPhone><cntAddress addressType="both"><delPoint>625 Broadway</delPoint><delPoint>3rd Floor</delPoint><city>Albany</city><adminArea>NY</adminArea><postCode>12233-2750</postCode><country>US</country><eMailAdd>EnterpriseGIS@gw.dec.state.ny.us</eMailAdd></cntAddress></rpCntInfo><role><RoleCd value="005"/></role></distorCont><distorOrdPrc><resFees>NA</resFees></distorOrdPrc><distorFormat><formatName>ARCE</formatName><formatVer>9.3.1</formatVer></distorFormat><distorTran><onLineSrc><linkage>withheld</linkage></onLineSrc></distorTran><distorTran><offLineMed><medName><MedNameCd value="001"/></medName><medDensity>2</medDensity><medDenUnits>GB</medDenUnits></offLineMed></distorTran><distorTran><onLineSrc><orDesc>Critical Environmental Areas</orDesc></onLineSrc></distorTran></distributor><distTranOps><onLineSrc><linkage>withheld</linkage></onLineSrc></distTranOps><distFormat><formatName Sync="FALSE">Feature Class</formatName></distFormat></distInfo><dataIdInfo><idCitation><resTitle>Critical Environmental Areas - New York State (NYSDEC)</resTitle><date><pubDate>2013-09-17T00:00:00</pubDate><reviseDate>2025-03-12T00:00:00</reviseDate></date><citRespParty><rpOrgName>New York State Department of Environmental Conservation</rpOrgName><rpCntInfo><cntAddress addressType=""><delPoint>Albany, NY</delPoint></cntAddress></rpCntInfo><role><RoleCd value="010"/></role></citRespParty><citRespParty><rpOrgName>New York State Department of Environmental Conservation</rpOrgName><role><RoleCd value="006"/></role></citRespParty><presForm><PresFormCd value="005"/></presForm><presForm><fgdcGeoform>vector digital data</fgdcGeoform></presForm></idCitation><idAbs>&lt;DIV STYLE="text-align:Left;"&gt;&lt;DIV&gt;&lt;DIV&gt;&lt;P&gt;&lt;SPAN&gt;This data set contains areas that have been designated as Critical Environmental Areas (CEAs) under 6 NYCRR Part 617 - State Environmental Quality Review (SEQR). Local agencies may designate specific geographic areas within their boundaries as a "Critical Environmental Area" (CEA). State agencies may also designate as a CEA a geographic area which they own, manage or regulate. To be designated as a CEA, an area must have an exceptional or unique character which has a benefit or threat to human health, a natural setting (e.g. fish and wildlife habitat, forest and vegetation, open space and areas of important aesthetic or scenic quality), agricultural, social, cultural, historic, archaeological, recreational, or educational values, or an inherent ecological, geological or hydrological sensitivity that may be adversely affected by any change.&lt;/SPAN&gt;&lt;/P&gt;&lt;/DIV&gt;&lt;/DIV&gt;&lt;/DIV&gt;</idAbs><idPurp>1. Following designation as a CEA, the potential impact of any Type I or Unlisted Action on the environmental characteristics of the CEA is a relevant area of environmental concern and must be evaluated in the determination of significance prepared pursuant to Section 617.7 of SEQR.</idPurp><idCredit>NYS DEC Division of Environmental Permits.</idCredit><idStatus><ProgCd value="001"/></idStatus><idPoC><rpIndName>Program Management Bureau</rpIndName><rpOrgName>New York State Department of Environmental Conservation</rpOrgName><rpPosName>Division of Environmental Permits</rpPosName><rpCntInfo><cntPhone><voiceNum tddtty="">(518) 402-9167</voiceNum></cntPhone><cntAddress addressType="both"><delPoint>625 Broadway</delPoint><city>Albany</city><adminArea>NY</adminArea><postCode>12233-1750</postCode><country>US</country><eMailAdd>depprmt@gw.dec.state.ny.us</eMailAdd></cntAddress></rpCntInfo><role><RoleCd value="007"/></role></idPoC><resMaint><maintFreq><MaintFreqCd value="009"/></maintFreq></resMaint><placeKeys><thesaName><resTitle>NYS Geographic Names Information System</resTitle></thesaName><keyword>State of New York</keyword></placeKeys><stratKeys><keyword>None</keyword></stratKeys><tempKeys><keyword>None</keyword></tempKeys><themeKeys><keyword>environmental</keyword><keyword>critical environmental areas</keyword><keyword>SEQR</keyword><keyword>617</keyword><keyword>custodial</keyword><keyword>environment</keyword><keyword>CEA</keyword><keyword>state environmental quality review</keyword><keyword>critical</keyword></themeKeys><themeKeys><thesaName><resTitle>ISO 19115 Topic Category</resTitle></thesaName><keyword>015</keyword><keyword>boundaries</keyword><keyword>007</keyword><keyword>002</keyword><keyword>planningCadastre</keyword><keyword>environment</keyword></themeKeys><searchKeys><keyword>environmental</keyword><keyword>State of New York</keyword><keyword>critical environmental areas</keyword><keyword>SEQR</keyword><keyword>617</keyword><keyword>015</keyword><keyword>boundaries</keyword><keyword>custodial</keyword><keyword>environment</keyword><keyword>None</keyword><keyword>007</keyword><keyword>002</keyword><keyword>planningCadastre</keyword><keyword>None</keyword><keyword>CEA</keyword><keyword>state environmental quality review</keyword><keyword>critical</keyword><keyword>environment</keyword></searchKeys><resConst><LegConsts><useLimit>New York State Department of Environmental Conservation provides these geographic data "as is." New York State Department of Environmental Conservation makes no guarantee or warranty concerning the accuracy of information contained in the geographic data. New York State DEC further makes no warranty, either expressed or implied, regarding the condition of the product or its fitness for any particular purpose. The burden for determining fitness for use lies entirely with the user. Although these data have been processed successfully on a computer system at New York State Department of Environmental Conservation, no warranty expressed or implied is made regarding the accuracy or utility of the data on any other system or for general or scientific purposes, nor shall the act of distribution constitute any such warranty. This disclaimer applies both to individual use of the data and aggregate use with other data. It is strongly recommended that careful attention be paid to the contents of the metadata file associated with these data. New York State Department of Environmental Conservation shall not be held liable for improper or incorrect use of the data described and/or contained herein.</useLimit></LegConsts></resConst><resConst><SecConsts><class><ClasscationCd value="001"/></class><classSys>NYSDEC Classification System Aug.06</classSys><handDesc>None</handDesc></SecConsts></resConst><resConst><Consts><useLimit>&lt;DIV STYLE="text-align:Left;"&gt;&lt;DIV&gt;&lt;DIV&gt;&lt;P&gt;&lt;SPAN&gt;1. The NYS DEC asks to be credited in derived products. 2. Secondary distribution of the data is not allowed. 3. Any documentation provided is an integral part of the data set. Failure to use the documentation in conjunction with the digital data constitutes a misuse of the data. 4. Although every effort has been made to ensure the accuracy of information, errors may be reflected in the data supplied. The user must be aware of data conditions and bear responsibility for the appropriate use of the information with respect to possible errors, original map scale, collection methodology, currency of data, and other conditions.&lt;/SPAN&gt;&lt;/P&gt;&lt;/DIV&gt;&lt;/DIV&gt;&lt;/DIV&gt;</useLimit></Consts></resConst><spatRpType><SpatRepTypCd value="001"/></spatRpType><dataLang><languageCode value="eng"/><countryCode value="USA" Sync="TRUE"/></dataLang><envirDesc Sync="TRUE"> Version 6.2 (Build 9200) ; Esri ArcGIS 10.9.1.28388</envirDesc><dataExt><geoEle><GeoBndBox esriExtentType="search"><exTypeCode Sync="TRUE">1</exTypeCode><westBL Sync="TRUE">-79.082101</westBL><eastBL Sync="TRUE">-71.636461</eastBL><northBL Sync="TRUE">44.461530</northBL><southBL Sync="TRUE">40.486675</southBL></GeoBndBox></geoEle></dataExt><dataChar><CharSetCd value="004"/></dataChar><dataExt><exDesc>Last update</exDesc><tempEle><TempExtent><exTemp><TM_Instant><tmPosition>2024-01-12T00:00:00</tmPosition></TM_Instant></exTemp></TempExtent></tempEle></dataExt><tpCat><TopicCatCd value="007"/></tpCat><tpCat><TopicCatCd value="003"/></tpCat><tpCat><TopicCatCd value="015"/></tpCat></dataIdInfo><mdConst><SecConsts><class><ClasscationCd value="001"/></class><classSys>None</classSys><handDesc>None</handDesc></SecConsts></mdConst><dqInfo><dqScope><scpLvl><ScopeCd value="005"/></scpLvl></dqScope><report type="DQConcConsis" dimension=""><measDesc>None</measDesc></report><report type="DQCompOm" dimension=""><measDesc>None</measDesc></report><dataLineage><prcStep><stepDesc>The polygons were digitized using ArcView, based on maps and/or legal descriptions provided by the designating agency.</stepDesc><stepDateTm>2007-01-01T00:00:00</stepDateTm></prcStep><prcStep><stepDesc>Periodic QC, involving comparison of the digital data with the submitted maps and descriptions, resulted in the following edits being made: The addition of a polygon to the CEA "Peekskill Hollow Brook" in Westchester County. The addition of Wetland BE-5 to the CEA "All State Wetlands" in the Town of Woodstock, Ulster County. The missing polygons were "heads up" digitized and merged to the existing data.</stepDesc><stepDateTm>2007-07-31T00:00:00</stepDateTm></prcStep><prcStep><stepDesc>The Village of Manlius, Onondaga County, designated a new CEA, identified as "The Onondaga Escarpment Nature Corridor". The newly designated CEA includes all the property in the village of Manlius. NYSDEC digitized the village boundary and merged the new polygon with the existing statewide CEA data.</stepDesc><stepDateTm>2007-07-31T00:00:00</stepDateTm></prcStep><prcStep><stepDesc>Periodic QC, involving comparison of the digital data with the submitted maps and descriptions, resulted in the following edits being made: extension of the western edge of the "Sandy Creek" polygon, Oswego County, to the Lake Ontario shoreline.</stepDesc><stepDateTm>2008-10-16T00:00:00</stepDateTm></prcStep><prcStep><stepDesc>The town of Hyde Park, Dutchess county, designated new CEAs, identified as "Hogback Hill," "Indian Kill," "Maritje Kill," and "Vanderburgh Cove." In addition, the town of Greenport, Columbia county, designated a new CEA, identified as "Town of Greenport Source Water." NYSDEC digitized the new polygons and merged them with the existing statewide CEA data.</stepDesc><stepDateTm>2009-07-31T15:23:56</stepDateTm></prcStep><prcStep><stepDesc>The Town of Homer, Cortland County, designated a new CEA, identified as "Homer Public Water Supply Source." NYSDEC digitized the two new polygons and merged them with the existing statewide CEA data.</stepDesc><stepDateTm>2009-08-02T00:00:00</stepDateTm></prcStep><prcStep><stepDesc>Texas Hollow, Cazenovia Village Wellhead, Cazenovia Lake and Chittenango Creek were added.</stepDesc><stepDateTm>2011-04-13T00:00:00</stepDateTm></prcStep><prcStep><stepDesc>Town of Dryden, Tompkins County - added new Critical Environmental Area.</stepDesc><stepDateTm>2012-10-01T00:00:00</stepDateTm></prcStep><prcStep><stepDesc>Polygons have been added for Central Suffok Pine Barrens, Town of Brookhaven; East Creek, Village of Larchmont; Larchmont Reservoir Sheldrake Leatherstocking, Town of Mamaroneck; Battenkill Scenic and Erosion Prone Areas, Town of Easton; Wetlands, Town of Easton; Tidal Wetlands, Village of Quogue; Wellhead protection, Village of Newark Valley; Tidal Wetlands, Village of Lloyd Harbor; Aquifer Overlay District, Town of Southampton; Tarrytown Lakes Watershed Area, Village of Tarrytown; Jones Sanitation Sludge disposal, Dutchess County; Hyde Park Landfill, Dutchess County; Schatz Federal Bearing, Dutchess County; Dutchess Sanitation FICA, Dutchess County; Page Industrail Park, Dutchess County; Dutchess Airport Landfill, Dutchess County; Sarney Site, Dutchess County; Town of Northeast Landfill, Dutchess County; MICA Products, Dutchess County; Route 25A Corridor, Town of Brookhaven; Middle Island Yaphank, Town of Brookhaven; Coastal Zone Area South, Town of Brookhaven; Peconic Bay and Environs, Suffolk County; The Hommocks Salt Marsh Complex, Town of Mamaroneck; Piermont Pier, Village of Piermont; Sparkill Creek, Village of Piermont; Palisades Slope, Village of Piermont The Dutchess County landfills sites are based on a point map provided by Dutchess County and converted through digitization in to polygons. The Aquifer Overly District was created based on Shape file provided by the Town of Southampton. All other polygons were digitized based on the maps provided by the designating agency or their instructions to use DEC maps i.e. wetlands, flood maps.</stepDesc><stepDateTm>2013-06-07T00:00:00</stepDateTm></prcStep><prcStep><stepDesc>Added two new CEAs) in the town of Wawarsing, NY. 1- Catskill-Shawangunk Greenway Corridor and 2 - Cedar Swamp.</stepDesc><stepDateTm>2019-08-07</stepDateTm></prcStep><prcStep><stepDesc>Added two new CEA's for Village of Montebello. 1 - Potential Timber Rattlesnake Habitat and 2 - Historic &amp; Scenic Roads Overlay.</stepDesc><stepDateTm>2021-08-18</stepDateTm></prcStep><prcStep><stepDesc>Added new CEA Town of New Paltz, Shawangunk Ridge CEA</stepDesc><stepDateTm>2022-03-25</stepDateTm></prcStep><prcStep><stepDesc>Added 3 CEAs designated by the Village of South Nyack/Orangetown</stepDesc><stepDateTm>2022-08-03T00:00:00</stepDateTm></prcStep><prcStep><stepDesc>Added areas for Warm Spring CEA and The Cool Ravines CEA, Town of New Lebanon</stepDesc><stepDateTm>2024-01-12T00:00:00</stepDateTm></prcStep><prcStep><stepDesc>Two New CEAs - Beaverdam Creek/Rochester Creek &amp; Pacama Vly Watershed CEAs, Town of Olive</stepDesc><stepDateTm>2024-02-29T00:00:00</stepDateTm></prcStep><prcStep><stepDesc>Added White Lake and Mountain Lake Watershed, Town of Bethel</stepDesc><stepDateTm>2025-03-12T00:00:00</stepDateTm></prcStep></dataLineage></dqInfo><mdHrLvName Sync="TRUE">dataset</mdHrLvName><refSysInfo><RefSystem><refSysID><identCode code="26918" Sync="TRUE"/><idCodeSpace Sync="TRUE">EPSG</idCodeSpace><idVersion Sync="TRUE">6.11(3.0.1)</idVersion></refSysID></RefSystem></refSysInfo><spatRepInfo><VectSpatRep><geometObjs Name="GISCREATOR.dep_crit_env_areas"><geoObjTyp><GeoObjTypCd value="002" Sync="TRUE"/></geoObjTyp><geoObjCnt Sync="TRUE">245</geoObjCnt></geometObjs><topLvl><TopoLevCd value="001" Sync="TRUE"/></topLvl></VectSpatRep></spatRepInfo><mdMaint><maintFreq><MaintFreqCd value="009"/></maintFreq></mdMaint></metadata>
