<?xml version="1.0" encoding="UTF-8"?>
<metadata xml:lang="en"><Esri><CreaDate>20240814</CreaDate><CreaTime>13185200</CreaTime><ArcGISFormat>1.0</ArcGISFormat><ArcGISstyle>FGDC CSDGM Metadata</ArcGISstyle><SyncOnce>FALSE</SyncOnce><DataProperties><lineage><Process ToolSource="c:\program files (x86)\arcgis\desktop10.1\ArcToolbox\Toolboxes\Data Management Tools.tbx\CalculateField" Date="20141118" Time="102851">CalculateField 1_meter_dem_index_111814 TEMP [FILENAME] VB #</Process><Process ToolSource="c:\program files (x86)\arcgis\desktop10.1\ArcToolbox\Toolboxes\Data Management Tools.tbx\CalculateField" Date="20141118" Time="102859">CalculateField 1_meter_dem_index_111814 TEMP [FILENAME] VB #</Process><Process ToolSource="c:\program files (x86)\arcgis\desktop10.1\ArcToolbox\Toolboxes\Data Management Tools.tbx\CalculateField" Date="20141118" Time="104651">CalculateField 1_meter_dem_index_111814 FILENAME [FILENAME]&amp;"_1m_DEM.img" VB #</Process><Process ToolSource="c:\program files (x86)\arcgis\desktop10.1\ArcToolbox\Toolboxes\Data Management Tools.tbx\CalculateField" Date="20141118" Time="104707">CalculateField 1_meter_dem_index_111814 FILENAME "[FILENAME] &amp;"_1m_DEM.img"" VB #</Process><Process ToolSource="c:\program files (x86)\arcgis\desktop10.1\ArcToolbox\Toolboxes\Data Management Tools.tbx\CalculateField" Date="20141118" Time="104721">CalculateField 1_meter_dem_index_111814 FILENAME "[TEMP] &amp;"_1m_DEM.img"" VB #</Process><Process ToolSource="c:\program files (x86)\arcgis\desktop10.1\ArcToolbox\Toolboxes\Data Management Tools.tbx\CalculateField" Date="20141118" Time="105640">CalculateField 1_meter_dem_index_111814 FTP_PATH "lidar/nysdop/dem/" VB #</Process><Process ToolSource="c:\program files (x86)\arcgis\desktop10.1\ArcToolbox\Toolboxes\Data Management Tools.tbx\CalculateField" Date="20141118" Time="123902">CalculateField 1_meter_dem_index_111814 COLLECTION "Great Gully" VB #</Process><Process ToolSource="c:\program files (x86)\arcgis\desktop10.1\ArcToolbox\Toolboxes\Data Management Tools.tbx\CalculateField" Date="20141118" Time="123915">CalculateField 1_meter_dem_index_111814 YEAR "2014" VB #</Process><Process ToolSource="c:\program files (x86)\arcgis\desktop10.1\ArcToolbox\Toolboxes\Data Management Tools.tbx\CalculateField" Date="20141118" Time="123934">CalculateField 1_meter_dem_index_111814 DEM_COLLEC "NYS" VB #</Process><Process ToolSource="c:\program files (x86)\arcgis\desktop10.1\ArcToolbox\Toolboxes\Data Management Tools.tbx\CalculateField" Date="20141118" Time="124148">CalculateField 1_meter_dem_index_111814 TILE_DATE "10/20/2014" VB #</Process><Process ToolSource="c:\program files (x86)\arcgis\desktop10.1\ArcToolbox\Toolboxes\Conversion Tools.tbx\FeatureClassToFeatureClass" Date="20141118" Time="130613">FeatureClassToFeatureClass T:\GIS\Orthos\Ortho_Mgmt\Terrain_Data_Work\LIDAR_webpage\shapefiles\1_meter_nys\1_meter_dem_index_WGS.shp "Z:\GIS\New_ortho_App\Data\10.2 Data\dem_indexes\dem_indexes.gdb" dem_1_meter_index_NYS # "FILENAME "FILENAME" true true false 150 Text 0 0 ,First,#,T:\GIS\Orthos\Ortho_Mgmt\Terrain_Data_Work\LIDAR_webpage\shapefiles\1_meter_nys\1_meter_dem_index_WGS.shp,FILENAME,-1,-1;SIZE "SIZE" true true false 19 Double 0 0 ,First,#,T:\GIS\Orthos\Ortho_Mgmt\Terrain_Data_Work\LIDAR_webpage\shapefiles\1_meter_nys\1_meter_dem_index_WGS.shp,SIZE,-1,-1;FTP_PATH "FTP_PATH" true true false 250 Text 0 0 ,First,#,T:\GIS\Orthos\Ortho_Mgmt\Terrain_Data_Work\LIDAR_webpage\shapefiles\1_meter_nys\1_meter_dem_index_WGS.shp,FTP_PATH,-1,-1;COLLECTION "COLLECTION" true true false 75 Text 0 0 ,First,#,T:\GIS\Orthos\Ortho_Mgmt\Terrain_Data_Work\LIDAR_webpage\shapefiles\1_meter_nys\1_meter_dem_index_WGS.shp,COLLECTION,-1,-1;YEAR "YEAR" true true false 5 Text 0 0 ,First,#,T:\GIS\Orthos\Ortho_Mgmt\Terrain_Data_Work\LIDAR_webpage\shapefiles\1_meter_nys\1_meter_dem_index_WGS.shp,YEAR,-1,-1;PARTIAL "PARTIAL" true true false 3 Text 0 0 ,First,#,T:\GIS\Orthos\Ortho_Mgmt\Terrain_Data_Work\LIDAR_webpage\shapefiles\1_meter_nys\1_meter_dem_index_WGS.shp,PARTIAL,-1,-1;DEM_COLLEC "DEM_COLLEC" true true false 50 Text 0 0 ,First,#,T:\GIS\Orthos\Ortho_Mgmt\Terrain_Data_Work\LIDAR_webpage\shapefiles\1_meter_nys\1_meter_dem_index_WGS.shp,DEM_COLLEC,-1,-1;TILE_DATE "TILE_DATE" true true false 50 Text 0 0 ,First,#,T:\GIS\Orthos\Ortho_Mgmt\Terrain_Data_Work\LIDAR_webpage\shapefiles\1_meter_nys\1_meter_dem_index_WGS.shp,TILE_DATE,-1,-1;NOTES "NOTES" true true false 100 Text 0 0 ,First,#,T:\GIS\Orthos\Ortho_Mgmt\Terrain_Data_Work\LIDAR_webpage\shapefiles\1_meter_nys\1_meter_dem_index_WGS.shp,NOTES,-1,-1" #</Process><Process ToolSource="c:\program files (x86)\arcgis\desktop10.3\ArcToolbox\Toolboxes\Data Management Tools.tbx\CalculateField" Date="20160907" Time="144942">CalculateField dem_1_meter_index_NYS_NEW FTP_PATH "lidar/nysdop/dem/" VB #</Process><Process ToolSource="c:\program files (x86)\arcgis\desktop10.3\ArcToolbox\Toolboxes\Data Management Tools.tbx\CalculateField" Date="20160907" Time="145312">CalculateField dem_1_meter_index_NYS_NEW FILENAME [PHOTO_HEAD]&amp;"_2015.img" VB #</Process><Process ToolSource="c:\program files (x86)\arcgis\desktop10.3\ArcToolbox\Toolboxes\Data Management Tools.tbx\CalculateField" Date="20160907" Time="145357">CalculateField dem_1_meter_index_NYS_NEW DEM_COLLEC "NYS" VB #</Process><Process ToolSource="c:\program files (x86)\arcgis\desktop10.3\ArcToolbox\Toolboxes\Data Management Tools.tbx\CalculateField" Date="20160907" Time="145445">CalculateField dem_1_meter_index_NYS_NEW YEAR "14/15" VB #</Process><Process ToolSource="c:\program files (x86)\arcgis\desktop10.3\ArcToolbox\Toolboxes\Data Management Tools.tbx\CalculateField" Date="20160907" Time="145517">CalculateField dem_1_meter_index_NYS_NEW COLLECTION "Warren/Washington/Essex" VB #</Process><Process ToolSource="c:\program files (x86)\arcgis\desktop10.3\ArcToolbox\Toolboxes\Data Management Tools.tbx\CalculateField" Date="20160907" Time="145639">CalculateField dem_1_meter_index_NYS_NEW COLLECTION "Warren, Washington, Essex - 2014/2015" VB #</Process><Process ToolSource="c:\program files (x86)\arcgis\desktop10.3\ArcToolbox\Toolboxes\Data Management Tools.tbx\CalculateField" Date="20160907" Time="145654">CalculateField dem_1_meter_index_NYS_NEW COLLECTION "Warren, Washington, Essex - 2014/15" VB #</Process><Process ToolSource="c:\program files (x86)\arcgis\desktop10.3\ArcToolbox\Toolboxes\Data Management Tools.tbx\CalculateField" Date="20161202" Time="101552">CalculateField dem_1_meter_index_NYSNEW FTP_PATH "lidar/nysdop/dem/" VB #</Process><Process ToolSource="c:\program files (x86)\arcgis\desktop10.3\ArcToolbox\Toolboxes\Data Management Tools.tbx\CalculateField" Date="20161202" Time="101709">CalculateField dem_1_meter_index_NYSNEW COLLECTION "Columbia, Rensselaer - 2015" VB #</Process><Process ToolSource="c:\program files (x86)\arcgis\desktop10.3\ArcToolbox\Toolboxes\Data Management Tools.tbx\CalculateField" Date="20161202" Time="101739">CalculateField dem_1_meter_index_NYSNEW YEAR "2015" VB #</Process><Process ToolSource="c:\program files (x86)\arcgis\desktop10.3\ArcToolbox\Toolboxes\Data Management Tools.tbx\CalculateField" Date="20161202" Time="101800">CalculateField dem_1_meter_index_NYSNEW DEM_COLLEC "NYS" VB #</Process><Process ToolSource="c:\program files (x86)\arcgis\desktop10.3\ArcToolbox\Toolboxes\Data Management Tools.tbx\CalculateField" Date="20161202" Time="102409">CalculateField dem_1_meter_index_NYSNEW TILE_DATE "November 2016" VB #</Process><Process ToolSource="c:\program files (x86)\arcgis\desktop10.3\ArcToolbox\Toolboxes\Data Management Tools.tbx\CalculateField" Date="20161202" Time="102725">CalculateField dem_1_meter_index_NYSNEW FILENAME [PHOTO_HEAD]&amp;"_2016.img" VB #</Process><Process ToolSource="c:\program files (x86)\arcgis\desktop10.3\ArcToolbox\Toolboxes\Data Management Tools.tbx\CalculateField" Date="20161202" Time="102949">CalculateField dem_1_meter_index_NYSNEW YEAR "15/16" VB #</Process><Process ToolSource="c:\program files (x86)\arcgis\desktop10.3\ArcToolbox\Toolboxes\Data Management Tools.tbx\CalculateField" Date="20161202" Time="103011">CalculateField dem_1_meter_index_NYSNEW COLLECTION "Columbia, Rensselaer - 2015/16" VB #</Process><Process ToolSource="c:\program files (x86)\arcgis\desktop10.3\ArcToolbox\Toolboxes\Data Management Tools.tbx\CalculateField" Date="20161202" Time="103313">CalculateField dem_1_meter_index_NYSNEW SIZE 9452544 VB #</Process><Process ToolSource="c:\program files (x86)\arcgis\desktop10.3\ArcToolbox\Toolboxes\Data Management Tools.tbx\CalculateField" Date="20170927" Time="131955">CalculateField dem_1_meter_index SIZE 9451983 VB #</Process><Process ToolSource="c:\program files (x86)\arcgis\desktop10.3\ArcToolbox\Toolboxes\Data Management Tools.tbx\CalculateField" Date="20170927" Time="132017">CalculateField dem_1_meter_index FTP_PATH "lidar/nysdop/dem/" VB #</Process><Process ToolSource="c:\program files (x86)\arcgis\desktop10.3\ArcToolbox\Toolboxes\Data Management Tools.tbx\CalculateField" Date="20170927" Time="132056">CalculateField dem_1_meter_index YEAR 2016 VB #</Process><Process ToolSource="c:\program files (x86)\arcgis\desktop10.3\ArcToolbox\Toolboxes\Data Management Tools.tbx\CalculateField" Date="20170927" Time="132132">CalculateField dem_1_meter_index DEM_COLLEC "NYS" VB #</Process><Process ToolSource="c:\program files (x86)\arcgis\desktop10.3\ArcToolbox\Toolboxes\Data Management Tools.tbx\CalculateField" Date="20170927" Time="132159">CalculateField dem_1_meter_index PARTIAL "Yes" VB #</Process><Process ToolSource="c:\program files (x86)\arcgis\desktop10.3\ArcToolbox\Toolboxes\Data Management Tools.tbx\CalculateField" Date="20171226" Time="092135">CalculateField dem_1_meter_index_NYS DIRECT_DL ""ftp://ftporthos.dhses.ny.gov/lidar/nysdop/dem/"&amp; [FILENAME]" VB #</Process><Process ToolSource="c:\program files (x86)\arcgis\desktop10.3\ArcToolbox\Toolboxes\Data Management Tools.tbx\CalculateField" Date="20180328" Time="135316">CalculateField dem_1_meter_index_NYS_Merge YEAR "lidar/nysdop/dem/" VB #</Process><Process ToolSource="c:\program files (x86)\arcgis\desktop10.3\ArcToolbox\Toolboxes\Data Management Tools.tbx\CalculateField" Date="20180328" Time="135331">CalculateField dem_1_meter_index_NYS_Merge YEAR 2017 VB #</Process><Process ToolSource="c:\program files (x86)\arcgis\desktop10.3\ArcToolbox\Toolboxes\Data Management Tools.tbx\CalculateField" Date="20180328" Time="135401">CalculateField dem_1_meter_index_NYS_Merge FTP_PATH "lidar/nysdop/dem/" VB #</Process><Process ToolSource="c:\program files (x86)\arcgis\desktop10.3\ArcToolbox\Toolboxes\Data Management Tools.tbx\CalculateField" Date="20180328" Time="135416">CalculateField dem_1_meter_index_NYS_Merge DEM_COLLEC "NYS" VB #</Process><Process ToolSource="c:\program files (x86)\arcgis\desktop10.3\ArcToolbox\Toolboxes\Data Management Tools.tbx\CalculateField" Date="20180328" Time="135719">CalculateField dem_1_meter_index_NYS_Merge SIZE "[DEM_GB] *1024 *1024 *1024" VB #</Process><Process ToolSource="c:\program files (x86)\arcgis\desktop10.3\ArcToolbox\Toolboxes\Data Management Tools.tbx\CalculateField" Date="20180328" Time="135802">CalculateField dem_1_meter_index_NYS_Merge NOTES "" VB #</Process><Process ToolSource="c:\program files (x86)\arcgis\desktop10.3\ArcToolbox\Toolboxes\Data Management Tools.tbx\CalculateField" Date="20180328" Time="135855">CalculateField dem_1_meter_index_NYS_Merge DIRECT_DL ""ftp://ftporthos.dhses.ny.gov/lidar/nysdop/dem/"&amp; [FILENAME]" VB #</Process><Process ToolSource="c:\program files (x86)\arcgis\desktop10.3\ArcToolbox\Toolboxes\Data Management Tools.tbx\CalculateField" Date="20180405" Time="085252">CalculateField NTS FTP_PATH "elevation/DEM/NYSGPO_ColumbiaRensselaer2016/" VB #</Process><Process ToolSource="c:\program files (x86)\arcgis\desktop10.3\ArcToolbox\Toolboxes\Data Management Tools.tbx\CalculateField" Date="20180405" Time="085321">CalculateField NTS DIRECT_DL ""ftp://ftp.gis.ny.gov/elevation/DEM/NYSGPO_ColumbiaRensselaer2016/"&amp; [FILENAME]" VB #</Process><Process ToolSource="c:\program files (x86)\arcgis\desktop10.3\ArcToolbox\Toolboxes\Data Management Tools.tbx\CalculateField" Date="20180405" Time="085353">CalculateField NTS FTP_PATH "elevation/DEM/NYSGPO_GreatGully2014/" VB #</Process><Process ToolSource="c:\program files (x86)\arcgis\desktop10.3\ArcToolbox\Toolboxes\Data Management Tools.tbx\CalculateField" Date="20180405" Time="085414">CalculateField NTS DIRECT_DL ""ftp://ftp.gis.ny.gov/elevation/DEM/NYSGPO_GreatGully2014/"&amp; [FILENAME]" VB #</Process><Process ToolSource="c:\program files (x86)\arcgis\desktop10.3\ArcToolbox\Toolboxes\Data Management Tools.tbx\CalculateField" Date="20180405" Time="085445">CalculateField NTS FTP_PATH "elevation/DEM/NYSGPO_MadisonOtsego2015/" VB #</Process><Process ToolSource="c:\program files (x86)\arcgis\desktop10.3\ArcToolbox\Toolboxes\Data Management Tools.tbx\CalculateField" Date="20180405" Time="085505">CalculateField NTS DIRECT_DL ""ftp://ftp.gis.ny.gov/elevation/DEM/NYSGPO_MadisonOtsego2015/"&amp; [FILENAME]" VB #</Process><Process ToolSource="c:\program files (x86)\arcgis\desktop10.3\ArcToolbox\Toolboxes\Data Management Tools.tbx\CalculateField" Date="20180405" Time="085538">CalculateField NTS FTP_PATH "elevation/DEM/NYSGPO_AlleganySteuben2016/" VB #</Process><Process ToolSource="c:\program files (x86)\arcgis\desktop10.3\ArcToolbox\Toolboxes\Data Management Tools.tbx\CalculateField" Date="20180405" Time="085601">CalculateField NTS DIRECT_DL ""ftp://ftp.gis.ny.gov/elevation/DEM/NYSGPO_AlleganySteuben2016/"&amp; [FILENAME]" VB #</Process><Process ToolSource="c:\program files (x86)\arcgis\desktop10.3\ArcToolbox\Toolboxes\Data Management Tools.tbx\CalculateField" Date="20180405" Time="085640">CalculateField NTS FTP_PATH "elevation/DEM/NYSGPO_Southwest2017_Spring/" VB #</Process><Process ToolSource="c:\program files (x86)\arcgis\desktop10.3\ArcToolbox\Toolboxes\Data Management Tools.tbx\CalculateField" Date="20180405" Time="085657">CalculateField NTS DIRECT_DL ""ftp://ftp.gis.ny.gov/elevation/DEM/NYSGPO_Southwest2017_Spring/"&amp; [FILENAME]" VB #</Process><Process ToolSource="c:\program files (x86)\arcgis\desktop10.3\ArcToolbox\Toolboxes\Data Management Tools.tbx\CalculateField" Date="20180405" Time="085732">CalculateField NTS FTP_PATH "elevation/DEM/NYSGPO_WarrenWashingtonEssex2015/" VB #</Process><Process ToolSource="c:\program files (x86)\arcgis\desktop10.3\ArcToolbox\Toolboxes\Data Management Tools.tbx\CalculateField" Date="20180405" Time="085749">CalculateField NTS DIRECT_DL ""ftp://ftp.gis.ny.gov/elevation/DEM/NYSGPO_WarrenWashingtonEssex2015/"&amp; [FILENAME]" VB #</Process><Process ToolSource="c:\program files (x86)\arcgis\desktop10.5\ArcToolbox\Toolboxes\Data Management Tools.tbx\Merge" Date="20181128" Time="111315">Merge dem_1_meter_index_NYS;NY_SW17B_Fall_Tiles_06292018 "W:\GIS\Orthos\New_ortho_App\Data\10.2 Data\dem_indexes\dem_indexes.gdb\dem_1_meter_index_NYSNEW" "FILENAME "FILENAME" true true false 150 Text 0 0 ,First,#,dem_1_meter_index_NYS,FILENAME,-1,-1;SIZE "SIZE" true true false 8 Double 0 0 ,First,#,dem_1_meter_index_NYS,SIZE,-1,-1;FTP_PATH "FTP_PATH" true true false 250 Text 0 0 ,First,#,dem_1_meter_index_NYS,FTP_PATH,-1,-1;COLLECTION "COLLECTION" true true false 75 Text 0 0 ,First,#,dem_1_meter_index_NYS,COLLECTION,-1,-1;YEAR "YEAR" true true false 5 Text 0 0 ,First,#,dem_1_meter_index_NYS,YEAR,-1,-1;PARTIAL "PARTIAL" true true false 3 Text 0 0 ,First,#,dem_1_meter_index_NYS,PARTIAL,-1,-1;DEM_COLLEC "DEM_COLLEC" true true false 50 Text 0 0 ,First,#,dem_1_meter_index_NYS,DEM_COLLEC,-1,-1;TILE_DATE "TILE_DATE" true true false 50 Text 0 0 ,First,#,dem_1_meter_index_NYS,TILE_DATE,-1,-1;NOTES "NOTES" true true false 100 Text 0 0 ,First,#,dem_1_meter_index_NYS,NOTES,-1,-1,NY_SW17B_Fall_Tiles_06292018,NOTES,-1,-1;DIRECT_DL "DIRECT_DL" true true false 250 Text 0 0 ,First,#,dem_1_meter_index_NYS,DIRECT_DL,-1,-1;Shape_Length "Shape_Length" false true true 8 Double 0 0 ,First,#,dem_1_meter_index_NYS,Shape_Length,-1,-1;Shape_Area "Shape_Area" false true true 8 Double 0 0 ,First,#,dem_1_meter_index_NYS,Shape_Area,-1,-1,NY_SW17B_Fall_Tiles_06292018,Shape_Area,-1,-1;OID_ "OID_" true true false 10 Long 0 10 ,First,#,NY_SW17B_Fall_Tiles_06292018,OID_,-1,-1;Shape_Leng "Shape_Leng" true true false 19 Double 11 18 ,First,#,NY_SW17B_Fall_Tiles_06292018,Shape_Leng,-1,-1;XMIN "XMIN" true true false 19 Double 11 18 ,First,#,NY_SW17B_Fall_Tiles_06292018,XMIN,-1,-1;YMIN "YMIN" true true false 19 Double 11 18 ,First,#,NY_SW17B_Fall_Tiles_06292018,YMIN,-1,-1;XMAX "XMAX" true true false 19 Double 11 18 ,First,#,NY_SW17B_Fall_Tiles_06292018,XMAX,-1,-1;YMAX "YMAX" true true false 19 Double 11 18 ,First,#,NY_SW17B_Fall_Tiles_06292018,YMAX,-1,-1;PHOTO_HEAD "PHOTO_HEAD" true true false 50 Text 0 0 ,First,#,NY_SW17B_Fall_Tiles_06292018,PHOTO_HEAD,-1,-1;Difficulty "Difficulty" true true false 20 Text 0 0 ,First,#,NY_SW17B_Fall_Tiles_06292018,Difficulty,-1,-1;Hydro "Hydro" true true false 3 Text 0 0 ,First,#,NY_SW17B_Fall_Tiles_06292018,Hydro,-1,-1;Block "Block" true true false 3 Text 0 0 ,First,#,NY_SW17B_Fall_Tiles_06292018,Block,-1,-1;Pilot "Pilot" true true false 5 Text 0 0 ,First,#,NY_SW17B_Fall_Tiles_06292018,Pilot,-1,-1;ADD_ "ADD_" true true false 25 Text 0 0 ,First,#,NY_SW17B_Fall_Tiles_06292018,ADD,-1,-1"</Process><Process ToolSource="c:\program files (x86)\arcgis\desktop10.5\ArcToolbox\Toolboxes\Data Management Tools.tbx\CalculateField" Date="20181128" Time="111421">CalculateField dem_1_meter_index_NYSNEW NOTES "" VB #</Process><Process ToolSource="c:\program files (x86)\arcgis\desktop10.5\ArcToolbox\Toolboxes\Data Management Tools.tbx\CalculateField" Date="20181128" Time="111525">CalculateField dem_1_meter_index_NYSNEW FILENAME "[PHOTO_HEAD] &amp;"_2017.las"" VB #</Process><Process ToolSource="c:\program files (x86)\arcgis\desktop10.5\ArcToolbox\Toolboxes\Data Management Tools.tbx\CalculateField" Date="20181128" Time="111556">CalculateField dem_1_meter_index_NYSNEW FILENAME "[PHOTO_HEAD] &amp;"_2017.img"" VB #</Process><Process ToolSource="c:\program files (x86)\arcgis\desktop10.5\ArcToolbox\Toolboxes\Data Management Tools.tbx\CalculateField" Date="20181128" Time="111720">CalculateField dem_1_meter_index_NYSNEW FTP_PATH "elevation/DEM/NYSGPO_Southwest2017B_Fall/" VB #</Process><Process ToolSource="c:\program files (x86)\arcgis\desktop10.5\ArcToolbox\Toolboxes\Data Management Tools.tbx\CalculateField" Date="20181128" Time="111808">CalculateField dem_1_meter_index_NYSNEW COLLECTION "NYSGPO - Southwest 2017 (Fall)" VB #</Process><Process ToolSource="c:\program files (x86)\arcgis\desktop10.5\ArcToolbox\Toolboxes\Data Management Tools.tbx\CalculateField" Date="20181128" Time="111853">CalculateField dem_1_meter_index_NYSNEW YEAR "2017" VB #</Process><Process ToolSource="c:\program files (x86)\arcgis\desktop10.5\ArcToolbox\Toolboxes\Data Management Tools.tbx\CalculateField" Date="20181128" Time="112039">CalculateField dem_1_meter_index_NYSNEW DEM_COLLEC "NYS" VB #</Process><Process ToolSource="c:\program files (x86)\arcgis\desktop10.5\ArcToolbox\Toolboxes\Data Management Tools.tbx\CalculateField" Date="20181128" Time="112127">CalculateField dem_1_meter_index_NYSNEW DIRECT_DL ""ftp://ftp.gis.ny.gov/elevation/DEM/NYSGPO_Southwest2017B_Fall/"&amp; [FILENAME]" VB #</Process><Process ToolSource="c:\program files (x86)\arcgis\desktop10.5\ArcToolbox\Toolboxes\Conversion Tools.tbx\FeatureClassToFeatureClass" Date="20181129" Time="104921">FeatureClassToFeatureClass "W:\GIS\Orthos\New_ortho_App\Data\10.2 Data\dem_indexes\dem_indexes.gdb\dem_1_meter_index_NYS" W:\CopiedData\elevation\dem_indexes.gdb new # "FILENAME "FILENAME" true true false 150 Text 0 0 ,First,#,W:\GIS\Orthos\New_ortho_App\Data\10.2 Data\dem_indexes\dem_indexes.gdb\dem_1_meter_index_NYS,FILENAME,-1,-1;SIZE "SIZE" true true false 8 Double 0 0 ,First,#,W:\GIS\Orthos\New_ortho_App\Data\10.2 Data\dem_indexes\dem_indexes.gdb\dem_1_meter_index_NYS,SIZE,-1,-1;FTP_PATH "FTP_PATH" true true false 250 Text 0 0 ,First,#,W:\GIS\Orthos\New_ortho_App\Data\10.2 Data\dem_indexes\dem_indexes.gdb\dem_1_meter_index_NYS,FTP_PATH,-1,-1;COLLECTION "COLLECTION" true true false 75 Text 0 0 ,First,#,W:\GIS\Orthos\New_ortho_App\Data\10.2 Data\dem_indexes\dem_indexes.gdb\dem_1_meter_index_NYS,COLLECTION,-1,-1;YEAR "YEAR" true true false 5 Text 0 0 ,First,#,W:\GIS\Orthos\New_ortho_App\Data\10.2 Data\dem_indexes\dem_indexes.gdb\dem_1_meter_index_NYS,YEAR,-1,-1;PARTIAL "PARTIAL" true true false 3 Text 0 0 ,First,#,W:\GIS\Orthos\New_ortho_App\Data\10.2 Data\dem_indexes\dem_indexes.gdb\dem_1_meter_index_NYS,PARTIAL,-1,-1;DEM_COLLEC "DEM_COLLEC" true true false 50 Text 0 0 ,First,#,W:\GIS\Orthos\New_ortho_App\Data\10.2 Data\dem_indexes\dem_indexes.gdb\dem_1_meter_index_NYS,DEM_COLLEC,-1,-1;TILE_DATE "TILE_DATE" true true false 50 Text 0 0 ,First,#,W:\GIS\Orthos\New_ortho_App\Data\10.2 Data\dem_indexes\dem_indexes.gdb\dem_1_meter_index_NYS,TILE_DATE,-1,-1;NOTES "NOTES" true true false 100 Text 0 0 ,First,#,W:\GIS\Orthos\New_ortho_App\Data\10.2 Data\dem_indexes\dem_indexes.gdb\dem_1_meter_index_NYS,NOTES,-1,-1;DIRECT_DL "DIRECT_DL" true true false 250 Text 0 0 ,First,#,W:\GIS\Orthos\New_ortho_App\Data\10.2 Data\dem_indexes\dem_indexes.gdb\dem_1_meter_index_NYS,DIRECT_DL,-1,-1;Shape_Length "Shape_Length" false true true 8 Double 0 0 ,First,#,W:\GIS\Orthos\New_ortho_App\Data\10.2 Data\dem_indexes\dem_indexes.gdb\dem_1_meter_index_NYS,Shape_Length,-1,-1;Shape_Area "Shape_Area" false true true 8 Double 0 0 ,First,#,W:\GIS\Orthos\New_ortho_App\Data\10.2 Data\dem_indexes\dem_indexes.gdb\dem_1_meter_index_NYS,Shape_Area,-1,-1" #</Process><Process ToolSource="c:\program files (x86)\arcgis\desktop10.6\ArcToolbox\Toolboxes\Data Management Tools.tbx\Merge" Date="20190515" Time="132919">Merge dem_1_meter_index_NYS;3DEP_18_Cayuga_Oswego_DEM_Index W:\CopiedData\elevation\051519_Update\dem_indexes.gdb\dem_1_meter_index_NYS2 "FILENAME "FILENAME" true true false 150 Text 0 0 ,First,#,dem_1_meter_index_NYS,FILENAME,-1,-1,3DEP_18_Cayuga_Oswego_DEM_Index,FILENAME,-1,-1;SIZE "SIZE" true true false 8 Double 0 0 ,First,#,dem_1_meter_index_NYS,SIZE,-1,-1,3DEP_18_Cayuga_Oswego_DEM_Index,SIZE,-1,-1;FTP_PATH "FTP_PATH" true true false 250 Text 0 0 ,First,#,dem_1_meter_index_NYS,FTP_PATH,-1,-1,3DEP_18_Cayuga_Oswego_DEM_Index,FTP_PATH,-1,-1;COLLECTION "COLLECTION" true true false 75 Text 0 0 ,First,#,dem_1_meter_index_NYS,COLLECTION,-1,-1,3DEP_18_Cayuga_Oswego_DEM_Index,COLLECTION,-1,-1;YEAR "YEAR" true true false 5 Text 0 0 ,First,#,dem_1_meter_index_NYS,YEAR,-1,-1,3DEP_18_Cayuga_Oswego_DEM_Index,YEAR,-1,-1;PARTIAL "PARTIAL" true true false 3 Text 0 0 ,First,#,dem_1_meter_index_NYS,PARTIAL,-1,-1,3DEP_18_Cayuga_Oswego_DEM_Index,PARTIAL,-1,-1;DEM_COLLEC "DEM_COLLEC" true true false 50 Text 0 0 ,First,#,dem_1_meter_index_NYS,DEM_COLLEC,-1,-1,3DEP_18_Cayuga_Oswego_DEM_Index,DEM_COLLEC,-1,-1;TILE_DATE "TILE_DATE" true true false 50 Text 0 0 ,First,#,dem_1_meter_index_NYS,TILE_DATE,-1,-1,3DEP_18_Cayuga_Oswego_DEM_Index,TILE_DATE,-1,-1;NOTES "NOTES" true true false 100 Text 0 0 ,First,#,dem_1_meter_index_NYS,NOTES,-1,-1,3DEP_18_Cayuga_Oswego_DEM_Index,NOTES,-1,-1;DIRECT_DL "DIRECT_DL" true true false 250 Text 0 0 ,First,#,dem_1_meter_index_NYS,DIRECT_DL,-1,-1,3DEP_18_Cayuga_Oswego_DEM_Index,DIRECT_DL,-1,-1;Shape_Length "Shape_Length" false true true 8 Double 0 0 ,First,#,dem_1_meter_index_NYS,Shape_Length,-1,-1;Shape_Area "Shape_Area" false true true 8 Double 0 0 ,First,#,dem_1_meter_index_NYS,Shape_Area,-1,-1"</Process><Process ToolSource="c:\program files (x86)\arcgis\desktop10.7\ArcToolbox\Toolboxes\Data Management Tools.tbx\Append" Date="20200902" Time="091011">Append NYSGPO_ErieGeneseeLivingston2019_DEM_index dem_1_meter_index_NYS NO_TEST "FILENAME "FILENAME" true true false 150 Text 0 0 ,First,#,NYSGPO_ErieGeneseeLivingston2019_DEM_index,FILENAME,-1,-1;SIZE "SIZE" true true false 8 Double 0 0 ,First,#,NYSGPO_ErieGeneseeLivingston2019_DEM_index,SIZE_GB,-1,-1;FTP_PATH "FTP_PATH" true true false 250 Text 0 0 ,First,#,NYSGPO_ErieGeneseeLivingston2019_DEM_index,FTP_PATH,-1,-1;COLLECTION "COLLECTION" true true false 75 Text 0 0 ,First,#,NYSGPO_ErieGeneseeLivingston2019_DEM_index,COLLECTION,-1,-1;YEAR "YEAR" true true false 5 Text 0 0 ,First,#,NYSGPO_ErieGeneseeLivingston2019_DEM_index,YEAR,-1,-1;PARTIAL "PARTIAL" true true false 3 Text 0 0 ,First,#;DEM_COLLEC "DEM_COLLEC" true true false 50 Text 0 0 ,First,#,NYSGPO_ErieGeneseeLivingston2019_DEM_index,DEM_COLLEC,-1,-1;TILE_DATE "TILE_DATE" true true false 50 Text 0 0 ,First,#;NOTES "NOTES" true true false 100 Text 0 0 ,First,#;DIRECT_DL "DIRECT_DL" true true false 250 Text 0 0 ,First,#,NYSGPO_ErieGeneseeLivingston2019_DEM_index,DIRECT_DL,-1,-1;Shape_Length "Shape_Length" false true true 8 Double 0 0 ,First,#;Shape_Area "Shape_Area" false true true 8 Double 0 0 ,First,#" #</Process><Process ToolSource="c:\program files (x86)\arcgis\desktop10.7\ArcToolbox\Toolboxes\Data Management Tools.tbx\CalculateField" Date="20210622" Time="092704">CalculateField W:\GIS\Orthos\New_ortho_App\working\https\script_ftp_to_https\dem_indexes.gdb\dem_1_meter_index_NYS DIRECT_DL !DIRECT_DL!.replace("ftp://ftp.gis.ny.gov/", "https://gisdata.ny.gov/") PYTHON_9.3 #</Process><Process ToolSource="d:\arcgis\desktop10.8\ArcToolbox\Toolboxes\Data Management Tools.tbx\Append" Date="20220209" Time="083647">Append Export_Output_toAppend dem_1_meter_index_NYS NO_TEST "FILENAME "FILENAME" true true false 150 Text 0 0 ,First,#,Export_Output_toAppend,FILENAME,-1,-1;SIZE "SIZE" true true false 8 Double 0 0 ,First,#,Export_Output_toAppend,SIZE,-1,-1;FTP_PATH "FTP_PATH" true true false 250 Text 0 0 ,First,#,Export_Output_toAppend,FTP_PATH,-1,-1;COLLECTION "COLLECTION" true true false 75 Text 0 0 ,First,#,Export_Output_toAppend,COLLECTION,-1,-1;YEAR "YEAR" true true false 5 Text 0 0 ,First,#,Export_Output_toAppend,YEAR,-1,-1;PARTIAL "PARTIAL" true true false 3 Text 0 0 ,First,#,Export_Output_toAppend,PARTIAL,-1,-1;DEM_COLLEC "DEM_COLLEC" true true false 50 Text 0 0 ,First,#,Export_Output_toAppend,DEM_COLLEC,-1,-1;TILE_DATE "TILE_DATE" true true false 50 Text 0 0 ,First,#,Export_Output_toAppend,TILE_DATE,-1,-1;NOTES "NOTES" true true false 100 Text 0 0 ,First,#,Export_Output_toAppend,NOTES,-1,-1;DIRECT_DL "DIRECT_DL" true true false 250 Text 0 0 ,First,#,Export_Output_toAppend,DIRECT_DL,-1,-1;Shape_Length "Shape_Length" false true true 8 Double 0 0 ,First,#,Export_Output_toAppend,Shape_Length,-1,-1;Shape_Area "Shape_Area" false true true 8 Double 0 0 ,First,#,Export_Output_toAppend,Shape_Area,-1,-1" #</Process><Process ToolSource="c:\program files (x86)\arcgis\desktop10.8\ArcToolbox\Toolboxes\Data Management Tools.tbx\Merge" Date="20240719" Time="144149">Merge dem_1_meter_index_NYS;NYS_Southeast4County2022_DEM_Index W:\GIS\Orthos\New_ortho_App\Data\working\2024_07_18_VectorUpdates\dem_indexes.gdb\dem_1_meter_index_NYSNEW "FILENAME "FILENAME" true true false 150 Text 0 0 ,First,#,dem_1_meter_index_NYS,FILENAME,-1,-1;SIZE "SIZE" true true false 8 Double 0 0 ,First,#,dem_1_meter_index_NYS,SIZE,-1,-1;FTP_PATH "FTP_PATH" true true false 250 Text 0 0 ,First,#,dem_1_meter_index_NYS,FTP_PATH,-1,-1;COLLECTION "COLLECTION" true true false 75 Text 0 0 ,First,#,dem_1_meter_index_NYS,COLLECTION,-1,-1;YEAR "YEAR" true true false 5 Text 0 0 ,First,#,dem_1_meter_index_NYS,YEAR,-1,-1;PARTIAL "PARTIAL" true true false 3 Text 0 0 ,First,#,dem_1_meter_index_NYS,PARTIAL,-1,-1;DEM_COLLEC "DEM_COLLEC" true true false 50 Text 0 0 ,First,#,dem_1_meter_index_NYS,DEM_COLLEC,-1,-1;TILE_DATE "TILE_DATE" true true false 50 Text 0 0 ,First,#,dem_1_meter_index_NYS,TILE_DATE,-1,-1;NOTES "NOTES" true true false 100 Text 0 0 ,First,#,dem_1_meter_index_NYS,NOTES,-1,-1;DIRECT_DL "DIRECT_DL" true true false 250 Text 0 0 ,First,#,dem_1_meter_index_NYS,DIRECT_DL,-1,-1;Shape_Length "Shape_Length" false true true 8 Double 0 0 ,First,#,dem_1_meter_index_NYS,Shape_Length,-1,-1;Shape_Area "Shape_Area" false true true 8 Double 0 0 ,First,#,dem_1_meter_index_NYS,Shape_Area,-1,-1;FILENAME_1 "FILENAME_1" true true false 50 Text 0 0 ,First,#,NYS_Southeast4County2022_DEM_Index,NYS_Southeast4County2022_DEM_Index.FILENAME,-1,-1;SIZE_GB "SIZE_GB" true true false 19 Double 0 0 ,First,#,NYS_Southeast4County2022_DEM_Index,NYS_Southeast4County2022_DEM_Index.SIZE_GB,-1,-1;COLLECTION_1 "COLLECTION_1" true true false 50 Text 0 0 ,First,#,NYS_Southeast4County2022_DEM_Index,NYS_Southeast4County2022_DEM_Index.COLLECTION,-1,-1;DIRECT_DL_1 "DIRECT_DL_1" true true false 250 Text 0 0 ,First,#,NYS_Southeast4County2022_DEM_Index,NYS_Southeast4County2022_DEM_Index.DIRECT_DL,-1,-1;FTP_PATH_1 "FTP_PATH_1" true true false 250 Text 0 0 ,First,#,NYS_Southeast4County2022_DEM_Index,NYS_Southeast4County2022_DEM_Index.FTP_PATH,-1,-1;Sheet1__DATE "Sheet1__DATE" true true false 8 Date 0 0 ,First,#,NYS_Southeast4County2022_DEM_Index,Sheet1$.DATE,-1,-1;Sheet1__TIME "Sheet1__TIME" true true false 8 Date 0 0 ,First,#,NYS_Southeast4County2022_DEM_Index,Sheet1$.TIME,-1,-1;Sheet1__Size "Sheet1__Size" true true false 8 Double 6 15 ,First,#,NYS_Southeast4County2022_DEM_Index,Sheet1$.Size,-1,-1;Sheet1__FILENAME "Sheet1__FILENAME" true true false 255 Text 0 0 ,First,#,NYS_Southeast4County2022_DEM_Index,Sheet1$.FILENAME,-1,-1"</Process><Process ToolSource="c:\program files (x86)\arcgis\desktop10.8\ArcToolbox\Toolboxes\Data Management Tools.tbx\CalculateField" Date="20240719" Time="144440">CalculateField dem_1_meter_index_NYSNEW FILENAME [FILENAME_1] VB #</Process><Process ToolSource="c:\program files (x86)\arcgis\desktop10.8\ArcToolbox\Toolboxes\Data Management Tools.tbx\CalculateField" Date="20240719" Time="144505">CalculateField dem_1_meter_index_NYSNEW SIZE [Sheet1__Size]*1000*1000*1000 VB #</Process><Process ToolSource="c:\program files (x86)\arcgis\desktop10.8\ArcToolbox\Toolboxes\Data Management Tools.tbx\CalculateField" Date="20240719" Time="144536">CalculateField dem_1_meter_index_NYSNEW SIZE [Sheet1__Size] VB #</Process><Process ToolSource="c:\program files (x86)\arcgis\desktop10.8\ArcToolbox\Toolboxes\Data Management Tools.tbx\CalculateField" Date="20240719" Time="144549">CalculateField dem_1_meter_index_NYSNEW FTP_PATH [FTP_PATH_1] VB #</Process><Process ToolSource="c:\program files (x86)\arcgis\desktop10.8\ArcToolbox\Toolboxes\Data Management Tools.tbx\CalculateField" Date="20240719" Time="144602">CalculateField dem_1_meter_index_NYSNEW COLLECTION [COLLECTION_1] VB #</Process><Process ToolSource="c:\program files (x86)\arcgis\desktop10.8\ArcToolbox\Toolboxes\Data Management Tools.tbx\CalculateField" Date="20240719" Time="144617">CalculateField dem_1_meter_index_NYSNEW YEAR "2022" VB #</Process><Process ToolSource="c:\program files (x86)\arcgis\desktop10.8\ArcToolbox\Toolboxes\Data Management Tools.tbx\CalculateField" Date="20240719" Time="144629">CalculateField dem_1_meter_index_NYSNEW PARTIAL "" VB #</Process><Process ToolSource="c:\program files (x86)\arcgis\desktop10.8\ArcToolbox\Toolboxes\Data Management Tools.tbx\CalculateField" Date="20240719" Time="144639">CalculateField dem_1_meter_index_NYSNEW DEM_COLLEC "NYS" VB #</Process><Process ToolSource="c:\program files (x86)\arcgis\desktop10.8\ArcToolbox\Toolboxes\Data Management Tools.tbx\CalculateField" Date="20240719" Time="144653">CalculateField dem_1_meter_index_NYSNEW TILE_DATE [Sheet1__DATE] VB #</Process><Process ToolSource="c:\program files (x86)\arcgis\desktop10.8\ArcToolbox\Toolboxes\Data Management Tools.tbx\CalculateField" Date="20240719" Time="144704">CalculateField dem_1_meter_index_NYSNEW NOTES "" VB #</Process><Process ToolSource="c:\program files (x86)\arcgis\desktop10.8\ArcToolbox\Toolboxes\Data Management Tools.tbx\CalculateField" Date="20240719" Time="144716">CalculateField dem_1_meter_index_NYSNEW DIRECT_DL [DIRECT_DL_1] VB #</Process></lineage><itemProps><itemName Sync="TRUE">dem_1_meter_index_NYSNEW</itemName><imsContentType Sync="TRUE">002</imsContentType><itemLocation><linkage Sync="TRUE">file://\\its701pw5gis.svc.ny.gov\data$\GIS\Orthos\New_ortho_App\Data\working\2024_07_18_VectorUpdates\dem_indexes.gdb</linkage><protocol Sync="TRUE">Local Area Network</protocol></itemLocation><nativeExtBox><westBL Sync="TRUE">-8695053.474500</westBL><eastBL Sync="TRUE">-8151233.579000</eastBL><southBL Sync="TRUE">5155809.369400</southBL><northBL Sync="TRUE">5511542.944000</northBL><exTypeCode Sync="TRUE">1</exTypeCode></nativeExtBox></itemProps><coordRef><type Sync="TRUE">Projected</type><geogcsn Sync="TRUE">GCS_WGS_1984</geogcsn><csUnits Sync="TRUE">Linear Unit: Meter (1.000000)</csUnits><projcsn Sync="TRUE">WGS_1984_Web_Mercator_Auxiliary_Sphere</projcsn><peXml Sync="TRUE">&lt;ProjectedCoordinateSystem xsi:type='typens:ProjectedCoordinateSystem' xmlns:xsi='http://www.w3.org/2001/XMLSchema-instance' xmlns:xs='http://www.w3.org/2001/XMLSchema' xmlns:typens='http://www.esri.com/schemas/ArcGIS/10.8'&gt;&lt;WKT&gt;PROJCS[&amp;quot;WGS_1984_Web_Mercator_Auxiliary_Sphere&amp;quot;,GEOGCS[&amp;quot;GCS_WGS_1984&amp;quot;,DATUM[&amp;quot;D_WGS_1984&amp;quot;,SPHEROID[&amp;quot;WGS_1984&amp;quot;,6378137.0,298.257223563]],PRIMEM[&amp;quot;Greenwich&amp;quot;,0.0],UNIT[&amp;quot;Degree&amp;quot;,0.0174532925199433]],PROJECTION[&amp;quot;Mercator_Auxiliary_Sphere&amp;quot;],PARAMETER[&amp;quot;False_Easting&amp;quot;,0.0],PARAMETER[&amp;quot;False_Northing&amp;quot;,0.0],PARAMETER[&amp;quot;Central_Meridian&amp;quot;,0.0],PARAMETER[&amp;quot;Standard_Parallel_1&amp;quot;,0.0],PARAMETER[&amp;quot;Auxiliary_Sphere_Type&amp;quot;,0.0],UNIT[&amp;quot;Meter&amp;quot;,1.0],AUTHORITY[&amp;quot;EPSG&amp;quot;,3857]]&lt;/WKT&gt;&lt;XOrigin&gt;-20037700&lt;/XOrigin&gt;&lt;YOrigin&gt;-30241100&lt;/YOrigin&gt;&lt;XYScale&gt;148923141.92838538&lt;/XYScale&gt;&lt;ZOrigin&gt;-100000&lt;/ZOrigin&gt;&lt;ZScale&gt;10000&lt;/ZScale&gt;&lt;MOrigin&gt;-100000&lt;/MOrigin&gt;&lt;MScale&gt;10000&lt;/MScale&gt;&lt;XYTolerance&gt;0.001&lt;/XYTolerance&gt;&lt;ZTolerance&gt;0.001&lt;/ZTolerance&gt;&lt;MTolerance&gt;0.001&lt;/MTolerance&gt;&lt;HighPrecision&gt;true&lt;/HighPrecision&gt;&lt;WKID&gt;102100&lt;/WKID&gt;&lt;LatestWKID&gt;3857&lt;/LatestWKID&gt;&lt;/ProjectedCoordinateSystem&gt;</peXml></coordRef></DataProperties><SyncDate>20240719</SyncDate><SyncTime>14413900</SyncTime><ModDate>20240719</ModDate><ModTime>14413900</ModTime></Esri><dataIdInfo><envirDesc Sync="TRUE"> Version 6.2 (Build 9200) ; Esri ArcGIS 10.8.1.14362</envirDesc><dataLang><languageCode value="eng" Sync="TRUE"></languageCode><countryCode value="USA" Sync="TRUE"></countryCode></dataLang><idCitation><resTitle Sync="TRUE">dem_1_meter_index_NYSNEW</resTitle><presForm><PresFormCd value="005" Sync="TRUE"></PresFormCd></presForm></idCitation><spatRpType><SpatRepTypCd value="001" Sync="TRUE"></SpatRepTypCd></spatRpType><dataExt><geoEle><GeoBndBox esriExtentType="search"><exTypeCode Sync="TRUE">1</exTypeCode><westBL Sync="TRUE">-78.108994</westBL><eastBL Sync="TRUE">-73.223777</eastBL><northBL Sync="TRUE">44.297152</northBL><southBL Sync="TRUE">41.965476</southBL></GeoBndBox></geoEle></dataExt></dataIdInfo><mdLang><languageCode value="eng" Sync="TRUE"></languageCode><countryCode value="USA" Sync="TRUE"></countryCode></mdLang><distInfo><distFormat><formatName Sync="TRUE">File Geodatabase Feature Class</formatName></distFormat></distInfo><mdHrLv><ScopeCd value="005" Sync="TRUE"></ScopeCd></mdHrLv><mdHrLvName Sync="TRUE">dataset</mdHrLvName><refSysInfo><RefSystem><refSysID><identCode code="3857" Sync="TRUE"></identCode><idCodeSpace Sync="TRUE">EPSG</idCodeSpace><idVersion Sync="TRUE">8.8(9.3.1.2)</idVersion></refSysID></RefSystem></refSysInfo><spatRepInfo><VectSpatRep><geometObjs Name="dem_1_meter_index_NYSNEW"><geoObjTyp><GeoObjTypCd value="002" Sync="TRUE"></GeoObjTypCd></geoObjTyp><geoObjCnt Sync="TRUE">0</geoObjCnt></geometObjs><topLvl><TopoLevCd value="001" Sync="TRUE"></TopoLevCd></topLvl></VectSpatRep></spatRepInfo><spdoinfo><ptvctinf><esriterm Name="dem_1_meter_index_NYSNEW"><efeatyp Sync="TRUE">Simple</efeatyp><efeageom code="4" Sync="TRUE"></efeageom><esritopo Sync="TRUE">FALSE</esritopo><efeacnt Sync="TRUE">0</efeacnt><spindex Sync="TRUE">TRUE</spindex><linrefer Sync="TRUE">FALSE</linrefer></esriterm></ptvctinf></spdoinfo><eainfo><detailed Name="dem_1_meter_index_NYSNEW"><enttyp><enttypl Sync="TRUE">dem_1_meter_index_NYSNEW</enttypl><enttypt Sync="TRUE">Feature Class</enttypt><enttypc Sync="TRUE">0</enttypc></enttyp><attr><attrlabl Sync="TRUE">OBJECTID</attrlabl><attalias Sync="TRUE">OBJECTID</attalias><attrtype Sync="TRUE">OID</attrtype><attwidth Sync="TRUE">4</attwidth><atprecis Sync="TRUE">0</atprecis><attscale Sync="TRUE">0</attscale><attrdef Sync="TRUE">Internal feature number.</attrdef><attrdefs Sync="TRUE">Esri</attrdefs><attrdomv><udom Sync="TRUE">Sequential unique whole numbers that are automatically generated.</udom></attrdomv></attr><attr><attrlabl Sync="TRUE">Shape</attrlabl><attalias Sync="TRUE">Shape</attalias><attrtype Sync="TRUE">Geometry</attrtype><attwidth Sync="TRUE">0</attwidth><atprecis Sync="TRUE">0</atprecis><attscale Sync="TRUE">0</attscale><attrdef Sync="TRUE">Feature geometry.</attrdef><attrdefs Sync="TRUE">Esri</attrdefs><attrdomv><udom Sync="TRUE">Coordinates defining the features.</udom></attrdomv></attr><attr><attrlabl Sync="TRUE">FILENAME</attrlabl><attalias Sync="TRUE">FILENAME</attalias><attrtype Sync="TRUE">String</attrtype><attwidth Sync="TRUE">150</attwidth><atprecis Sync="TRUE">0</atprecis><attscale Sync="TRUE">0</attscale></attr><attr><attrlabl Sync="TRUE">SIZE</attrlabl><attalias Sync="TRUE">SIZE</attalias><attrtype Sync="TRUE">Double</attrtype><attwidth Sync="TRUE">8</attwidth><atprecis Sync="TRUE">0</atprecis><attscale Sync="TRUE">0</attscale></attr><attr><attrlabl Sync="TRUE">FTP_PATH</attrlabl><attalias Sync="TRUE">FTP_PATH</attalias><attrtype Sync="TRUE">String</attrtype><attwidth Sync="TRUE">250</attwidth><atprecis Sync="TRUE">0</atprecis><attscale Sync="TRUE">0</attscale></attr><attr><attrlabl Sync="TRUE">COLLECTION</attrlabl><attalias Sync="TRUE">COLLECTION</attalias><attrtype Sync="TRUE">String</attrtype><attwidth Sync="TRUE">75</attwidth><atprecis Sync="TRUE">0</atprecis><attscale Sync="TRUE">0</attscale></attr><attr><attrlabl Sync="TRUE">YEAR</attrlabl><attalias Sync="TRUE">YEAR</attalias><attrtype Sync="TRUE">String</attrtype><attwidth Sync="TRUE">5</attwidth><atprecis Sync="TRUE">0</atprecis><attscale Sync="TRUE">0</attscale></attr><attr><attrlabl Sync="TRUE">PARTIAL</attrlabl><attalias Sync="TRUE">PARTIAL</attalias><attrtype Sync="TRUE">String</attrtype><attwidth Sync="TRUE">3</attwidth><atprecis Sync="TRUE">0</atprecis><attscale Sync="TRUE">0</attscale></attr><attr><attrlabl Sync="TRUE">DEM_COLLEC</attrlabl><attalias Sync="TRUE">DEM_COLLEC</attalias><attrtype Sync="TRUE">String</attrtype><attwidth Sync="TRUE">50</attwidth><atprecis Sync="TRUE">0</atprecis><attscale Sync="TRUE">0</attscale></attr><attr><attrlabl Sync="TRUE">TILE_DATE</attrlabl><attalias Sync="TRUE">TILE_DATE</attalias><attrtype Sync="TRUE">String</attrtype><attwidth Sync="TRUE">50</attwidth><atprecis Sync="TRUE">0</atprecis><attscale Sync="TRUE">0</attscale></attr><attr><attrlabl Sync="TRUE">NOTES</attrlabl><attalias Sync="TRUE">NOTES</attalias><attrtype Sync="TRUE">String</attrtype><attwidth Sync="TRUE">100</attwidth><atprecis Sync="TRUE">0</atprecis><attscale Sync="TRUE">0</attscale></attr><attr><attrlabl Sync="TRUE">Shape_Length</attrlabl><attalias Sync="TRUE">Shape_Length</attalias><attrtype Sync="TRUE">Double</attrtype><attwidth Sync="TRUE">8</attwidth><atprecis Sync="TRUE">0</atprecis><attscale Sync="TRUE">0</attscale><attrdef Sync="TRUE">Length of feature in internal units.</attrdef><attrdefs Sync="TRUE">Esri</attrdefs><attrdomv><udom Sync="TRUE">Positive real numbers that are automatically generated.</udom></attrdomv></attr><attr><attrlabl Sync="TRUE">FILENAME_1</attrlabl><attalias Sync="TRUE">FILENAME_1</attalias><attrtype Sync="TRUE">String</attrtype><attwidth Sync="TRUE">50</attwidth><atprecis Sync="TRUE">0</atprecis><attscale Sync="TRUE">0</attscale></attr><attr><attrlabl Sync="TRUE">SIZE_GB</attrlabl><attalias Sync="TRUE">SIZE_GB</attalias><attrtype Sync="TRUE">Double</attrtype><attwidth Sync="TRUE">8</attwidth><atprecis Sync="TRUE">0</atprecis><attscale Sync="TRUE">0</attscale></attr><attr><attrlabl Sync="TRUE">COLLECTION_1</attrlabl><attalias Sync="TRUE">COLLECTION_1</attalias><attrtype Sync="TRUE">String</attrtype><attwidth Sync="TRUE">50</attwidth><atprecis Sync="TRUE">0</atprecis><attscale Sync="TRUE">0</attscale></attr><attr><attrlabl Sync="TRUE">DIRECT_DL_1</attrlabl><attalias Sync="TRUE">DIRECT_DL_1</attalias><attrtype Sync="TRUE">String</attrtype><attwidth Sync="TRUE">250</attwidth><atprecis Sync="TRUE">0</atprecis><attscale Sync="TRUE">0</attscale></attr><attr><attrlabl Sync="TRUE">FTP_PATH_1</attrlabl><attalias Sync="TRUE">FTP_PATH_1</attalias><attrtype Sync="TRUE">String</attrtype><attwidth Sync="TRUE">250</attwidth><atprecis Sync="TRUE">0</atprecis><attscale Sync="TRUE">0</attscale></attr><attr><attrlabl Sync="TRUE">Sheet1__DATE</attrlabl><attalias Sync="TRUE">Sheet1__DATE</attalias><attrtype Sync="TRUE">Date</attrtype><attwidth Sync="TRUE">8</attwidth><atprecis Sync="TRUE">0</atprecis><attscale Sync="TRUE">0</attscale></attr><attr><attrlabl Sync="TRUE">Sheet1__TIME</attrlabl><attalias Sync="TRUE">Sheet1__TIME</attalias><attrtype Sync="TRUE">Date</attrtype><attwidth Sync="TRUE">8</attwidth><atprecis Sync="TRUE">0</atprecis><attscale Sync="TRUE">0</attscale></attr><attr><attrlabl Sync="TRUE">Sheet1__Size</attrlabl><attalias Sync="TRUE">Sheet1__Size</attalias><attrtype Sync="TRUE">Double</attrtype><attwidth Sync="TRUE">8</attwidth><atprecis Sync="TRUE">0</atprecis><attscale Sync="TRUE">0</attscale></attr><attr><attrlabl Sync="TRUE">Sheet1__FILENAME</attrlabl><attalias Sync="TRUE">Sheet1__FILENAME</attalias><attrtype Sync="TRUE">String</attrtype><attwidth Sync="TRUE">255</attwidth><atprecis Sync="TRUE">0</atprecis><attscale Sync="TRUE">0</attscale></attr><attr><attrlabl Sync="TRUE">Shape_Area</attrlabl><attalias Sync="TRUE">Shape_Area</attalias><attrtype Sync="TRUE">Double</attrtype><attwidth Sync="TRUE">8</attwidth><atprecis Sync="TRUE">0</atprecis><attscale Sync="TRUE">0</attscale><attrdef Sync="TRUE">Area of feature in internal units squared.</attrdef><attrdefs Sync="TRUE">Esri</attrdefs><attrdomv><udom Sync="TRUE">Positive real numbers that are automatically generated.</udom></attrdomv></attr><attr><attrlabl Sync="TRUE">DIRECT_DL</attrlabl><attalias Sync="TRUE">DIRECT_DL</attalias><attrtype Sync="TRUE">String</attrtype><attwidth Sync="TRUE">250</attwidth><atprecis Sync="TRUE">0</atprecis><attscale Sync="TRUE">0</attscale></attr></detailed></eainfo><mdDateSt Sync="TRUE">20240719</mdDateSt></metadata>
